IP,REQUEST_METHOD,URL,STATUS_CODE,SIZE,DATE,TIME,LOG_CONTENT
114.42.187.178,DELETE,/blog/latest-news,500,4962,2021-11-01,02:58:49,"The client with IP address 114.42.187.178, sent a DELETE, request to the /blog/latest-news, address at 02:58:49, on 2021-11-01, This request was responded with a 500, status code and a size of 4962."
106.200.197.40,PUT,/images/banner.jpg,304,4952,2022-06-16,11:28:41,"The client with IP address 106.200.197.40, sent a PUT, request to the /images/banner.jpg, address at 11:28:41, on 2022-06-16, This request was responded with a 304, status code and a size of 4952."
187.186.31.77,DELETE,/contact/,404,4981,2021-08-30,09:06:31,"The client with IP address 187.186.31.77, sent a DELETE, request to the /contact/, address at 09:06:31, on 2021-08-30, This request was responded with a 404, status code and a size of 4981."
193.58.194.239,DELETE,/images/banner.jpg,304,5002,2021-04-01,09:58:13,"The client with IP address 193.58.194.239, sent a DELETE, request to the /images/banner.jpg, address at 09:58:13, on 2021-04-01, This request was responded with a 304, status code and a size of 5002."
83.98.129.151,DELETE,/blog/latest-news,500,5003,2020-11-08,05:11:55,"The client with IP address 83.98.129.151, sent a DELETE, request to the /blog/latest-news, address at 05:11:55, on 2020-11-08, This request was responded with a 500, status code and a size of 5003."
208.131.152.34,POST,/usr/admin/developer,502,5045,2022-06-24,08:13:41,"The client with IP address 208.131.152.34, sent a POST, request to the /usr/admin/developer, address at 08:13:41, on 2022-06-24, This request was responded with a 502, status code and a size of 5045."
31.34.223.111,PUT,/usr/admin/developer,502,4985,2020-09-28,01:47:28,"The client with IP address 31.34.223.111, sent a PUT, request to the /usr/admin/developer, address at 01:47:28, on 2020-09-28, This request was responded with a 502, status code and a size of 4985."
30.186.22.125,PUT,/index.html,502,4969,2023-07-10,03:53:55,"The client with IP address 30.186.22.125, sent a PUT, request to the /index.html, address at 03:53:55, on 2023-07-10, This request was responded with a 502, status code and a size of 4969."
180.77.23.255,POST,/usr/register,304,5030,2021-03-30,07:02:22,"The client with IP address 180.77.23.255, sent a POST, request to the /usr/register, address at 07:02:22, on 2021-03-30, This request was responded with a 304, status code and a size of 5030."
87.224.255.189,GET,/contact/,502,4974,2023-09-30,12:38:15,"The client with IP address 87.224.255.189, sent a GET, request to the /contact/, address at 12:38:15, on 2023-09-30, This request was responded with a 502, status code and a size of 4974."
104.206.6.8,POST,/usr/admin/developer,502,4893,2023-05-08,10:53:17,"The client with IP address 104.206.6.8, sent a POST, request to the /usr/admin/developer, address at 10:53:17, on 2023-05-08, This request was responded with a 502, status code and a size of 4893."
201.7.18.173,GET,/images/banner.jpg,502,4925,2023-11-01,03:55:52,"The client with IP address 201.7.18.173, sent a GET, request to the /images/banner.jpg, address at 03:55:52, on 2023-11-01, This request was responded with a 502, status code and a size of 4925."
107.81.175.201,DELETE,/usr/admin,200,5021,2021-08-05,02:19:24,"The client with IP address 107.81.175.201, sent a DELETE, request to the /usr/admin, address at 02:19:24, on 2021-08-05, This request was responded with a 200, status code and a size of 5021."
40.192.33.81,GET,/usr,502,5063,2022-06-09,09:52:38,"The client with IP address 40.192.33.81, sent a GET, request to the /usr, address at 09:52:38, on 2022-06-09, This request was responded with a 502, status code and a size of 5063."
22.30.213.14,POST,/api/v1/data,403,4976,2023-03-19,10:52:58,"The client with IP address 22.30.213.14, sent a POST, request to the /api/v1/data, address at 10:52:58, on 2023-03-19, This request was responded with a 403, status code and a size of 4976."
52.19.61.122,DELETE,/api/v1/data,303,5064,2022-03-20,02:31:37,"The client with IP address 52.19.61.122, sent a DELETE, request to the /api/v1/data, address at 02:31:37, on 2022-03-20, This request was responded with a 303, status code and a size of 5064."
23.140.25.175,PUT,/api/v1/data,403,4970,2021-07-07,02:50:19,"The client with IP address 23.140.25.175, sent a PUT, request to the /api/v1/data, address at 02:50:19, on 2021-07-07, This request was responded with a 403, status code and a size of 4970."
94.43.65.145,PUT,/images/banner.jpg,403,4985,2023-12-24,03:34:51,"The client with IP address 94.43.65.145, sent a PUT, request to the /images/banner.jpg, address at 03:34:51, on 2023-12-24, This request was responded with a 403, status code and a size of 4985."
178.219.70.143,PUT,/about.php,502,4989,2020-09-12,08:53:44,"The client with IP address 178.219.70.143, sent a PUT, request to the /about.php, address at 08:53:44, on 2020-09-12, This request was responded with a 502, status code and a size of 4989."
171.219.88.220,PUT,/index.html,303,5004,2022-05-13,05:37:35,"The client with IP address 171.219.88.220, sent a PUT, request to the /index.html, address at 05:37:35, on 2022-05-13, This request was responded with a 303, status code and a size of 5004."
176.212.78.143,POST,/usr/register,500,5014,2023-09-20,04:30:56,"The client with IP address 176.212.78.143, sent a POST, request to the /usr/register, address at 04:30:56, on 2023-09-20, This request was responded with a 500, status code and a size of 5014."
1.102.232.210,GET,/api/v1/data,304,4969,2022-05-21,06:59:28,"The client with IP address 1.102.232.210, sent a GET, request to the /api/v1/data, address at 06:59:28, on 2022-05-21, This request was responded with a 304, status code and a size of 4969."
30.168.240.199,POST,/download/file.pdf,500,5000,2023-05-15,11:01:53,"The client with IP address 30.168.240.199, sent a POST, request to the /download/file.pdf, address at 11:01:53, on 2023-05-15, This request was responded with a 500, status code and a size of 5000."
58.71.176.87,PUT,/download/file.pdf,304,4980,2020-11-26,07:34:28,"The client with IP address 58.71.176.87, sent a PUT, request to the /download/file.pdf, address at 07:34:28, on 2020-11-26, This request was responded with a 304, status code and a size of 4980."
45.231.235.173,GET,/usr/admin/developer,404,4996,2020-02-27,06:52:32,"The client with IP address 45.231.235.173, sent a GET, request to the /usr/admin/developer, address at 06:52:32, on 2020-02-27, This request was responded with a 404, status code and a size of 4996."
58.182.35.70,PUT,/user/profile/settings,502,4979,2023-11-16,04:32:02,"The client with IP address 58.182.35.70, sent a PUT, request to the /user/profile/settings, address at 04:32:02, on 2023-11-16, This request was responded with a 502, status code and a size of 4979."
96.100.203.250,PUT,/about.php,200,5037,2022-12-24,03:08:14,"The client with IP address 96.100.203.250, sent a PUT, request to the /about.php, address at 03:08:14, on 2022-12-24, This request was responded with a 200, status code and a size of 5037."
151.47.43.195,POST,/usr,500,5103,2020-05-25,12:37:02,"The client with IP address 151.47.43.195, sent a POST, request to the /usr, address at 12:37:02, on 2020-05-25, This request was responded with a 500, status code and a size of 5103."
174.255.123.43,PUT,/api/v1/data,303,4927,2022-11-28,05:35:04,"The client with IP address 174.255.123.43, sent a PUT, request to the /api/v1/data, address at 05:35:04, on 2022-11-28, This request was responded with a 303, status code and a size of 4927."
3.87.49.176,DELETE,/usr/login,304,4983,2022-12-19,08:58:28,"The client with IP address 3.87.49.176, sent a DELETE, request to the /usr/login, address at 08:58:28, on 2022-12-19, This request was responded with a 304, status code and a size of 4983."
156.217.45.80,PUT,/usr/register,200,5039,2020-01-28,03:52:36,"The client with IP address 156.217.45.80, sent a PUT, request to the /usr/register, address at 03:52:36, on 2020-01-28, This request was responded with a 200, status code and a size of 5039."
2.89.165.17,DELETE,/download/file.pdf,403,4910,2021-06-22,01:40:01,"The client with IP address 2.89.165.17, sent a DELETE, request to the /download/file.pdf, address at 01:40:01, on 2021-06-22, This request was responded with a 403, status code and a size of 4910."
53.48.15.58,PUT,/products/12345,500,5121,2020-11-17,02:36:04,"The client with IP address 53.48.15.58, sent a PUT, request to the /products/12345, address at 02:36:04, on 2020-11-17, This request was responded with a 500, status code and a size of 5121."
57.21.225.30,GET,/usr/admin/developer,502,4994,2023-07-01,09:16:15,"The client with IP address 57.21.225.30, sent a GET, request to the /usr/admin/developer, address at 09:16:15, on 2023-07-01, This request was responded with a 502, status code and a size of 4994."
111.75.157.212,DELETE,/blog/latest-news,200,5005,2023-03-03,06:01:06,"The client with IP address 111.75.157.212, sent a DELETE, request to the /blog/latest-news, address at 06:01:06, on 2023-03-03, This request was responded with a 200, status code and a size of 5005."
14.0.216.216,GET,/usr/admin/developer,500,5053,2020-09-12,07:40:28,"The client with IP address 14.0.216.216, sent a GET, request to the /usr/admin/developer, address at 07:40:28, on 2020-09-12, This request was responded with a 500, status code and a size of 5053."
172.91.38.116,POST,/usr,502,4994,2022-07-02,01:48:54,"The client with IP address 172.91.38.116, sent a POST, request to the /usr, address at 01:48:54, on 2022-07-02, This request was responded with a 502, status code and a size of 4994."
77.227.3.100,PUT,/products/12345,404,5046,2021-08-27,07:34:29,"The client with IP address 77.227.3.100, sent a PUT, request to the /products/12345, address at 07:34:29, on 2021-08-27, This request was responded with a 404, status code and a size of 5046."
147.229.241.73,POST,/api/v1/data,304,5109,2023-12-28,06:46:34,"The client with IP address 147.229.241.73, sent a POST, request to the /api/v1/data, address at 06:46:34, on 2023-12-28, This request was responded with a 304, status code and a size of 5109."
13.77.165.73,GET,/usr/admin,403,4948,2023-01-03,11:33:10,"The client with IP address 13.77.165.73, sent a GET, request to the /usr/admin, address at 11:33:10, on 2023-01-03, This request was responded with a 403, status code and a size of 4948."
202.218.35.72,POST,/download/file.pdf,304,4953,2023-12-01,01:09:33,"The client with IP address 202.218.35.72, sent a POST, request to the /download/file.pdf, address at 01:09:33, on 2023-12-01, This request was responded with a 304, status code and a size of 4953."
55.107.247.65,PUT,/index.html,403,4969,2022-06-13,09:14:36,"The client with IP address 55.107.247.65, sent a PUT, request to the /index.html, address at 09:14:36, on 2022-06-13, This request was responded with a 403, status code and a size of 4969."
18.147.127.227,POST,/usr/login,303,5039,2020-02-03,01:44:49,"The client with IP address 18.147.127.227, sent a POST, request to the /usr/login, address at 01:44:49, on 2020-02-03, This request was responded with a 303, status code and a size of 5039."
105.111.246.77,POST,/index.html,403,4902,2023-03-19,07:58:28,"The client with IP address 105.111.246.77, sent a POST, request to the /index.html, address at 07:58:28, on 2023-03-19, This request was responded with a 403, status code and a size of 4902."
54.23.41.243,POST,/contact/,200,4958,2023-08-05,02:53:26,"The client with IP address 54.23.41.243, sent a POST, request to the /contact/, address at 02:53:26, on 2023-08-05, This request was responded with a 200, status code and a size of 4958."
73.152.58.17,PUT,/products/12345,200,4923,2021-04-02,02:52:33,"The client with IP address 73.152.58.17, sent a PUT, request to the /products/12345, address at 02:52:33, on 2021-04-02, This request was responded with a 200, status code and a size of 4923."
158.253.232.129,DELETE,/images/banner.jpg,404,5035,2021-02-20,02:02:57,"The client with IP address 158.253.232.129, sent a DELETE, request to the /images/banner.jpg, address at 02:02:57, on 2021-02-20, This request was responded with a 404, status code and a size of 5035."
214.0.178.230,GET,/about.php,200,4956,2021-07-06,07:10:05,"The client with IP address 214.0.178.230, sent a GET, request to the /about.php, address at 07:10:05, on 2021-07-06, This request was responded with a 200, status code and a size of 4956."
206.2.154.53,DELETE,/search?q=keyword,200,5079,2020-02-23,07:49:16,"The client with IP address 206.2.154.53, sent a DELETE, request to the /search?q=keyword, address at 07:49:16, on 2020-02-23, This request was responded with a 200, status code and a size of 5079."
208.131.122.93,POST,/usr,500,4949,2020-10-12,09:44:36,"The client with IP address 208.131.122.93, sent a POST, request to the /usr, address at 09:44:36, on 2020-10-12, This request was responded with a 500, status code and a size of 4949."
2.134.221.178,DELETE,/blog/latest-news,303,4993,2020-10-07,10:14:41,"The client with IP address 2.134.221.178, sent a DELETE, request to the /blog/latest-news, address at 10:14:41, on 2020-10-07, This request was responded with a 303, status code and a size of 4993."
104.137.9.249,PUT,/search?q=keyword,303,4978,2021-03-21,04:08:26,"The client with IP address 104.137.9.249, sent a PUT, request to the /search?q=keyword, address at 04:08:26, on 2021-03-21, This request was responded with a 303, status code and a size of 4978."
215.169.248.130,DELETE,/usr/admin/developer,502,5030,2021-12-05,03:54:31,"The client with IP address 215.169.248.130, sent a DELETE, request to the /usr/admin/developer, address at 03:54:31, on 2021-12-05, This request was responded with a 502, status code and a size of 5030."
81.12.23.229,PUT,/contact/,500,4989,2022-07-25,02:56:46,"The client with IP address 81.12.23.229, sent a PUT, request to the /contact/, address at 02:56:46, on 2022-07-25, This request was responded with a 500, status code and a size of 4989."
34.39.168.88,PUT,/usr/login,200,4953,2020-04-12,11:00:14,"The client with IP address 34.39.168.88, sent a PUT, request to the /usr/login, address at 11:00:14, on 2020-04-12, This request was responded with a 200, status code and a size of 4953."
16.62.158.143,GET,/user/profile/settings,404,4943,2022-09-27,03:44:38,"The client with IP address 16.62.158.143, sent a GET, request to the /user/profile/settings, address at 03:44:38, on 2022-09-27, This request was responded with a 404, status code and a size of 4943."
164.129.12.91,POST,/usr/login,500,4997,2021-08-23,06:00:41,"The client with IP address 164.129.12.91, sent a POST, request to the /usr/login, address at 06:00:41, on 2021-08-23, This request was responded with a 500, status code and a size of 4997."
172.9.123.212,POST,/blog/latest-news,500,5062,2023-06-30,03:54:05,"The client with IP address 172.9.123.212, sent a POST, request to the /blog/latest-news, address at 03:54:05, on 2023-06-30, This request was responded with a 500, status code and a size of 5062."
137.125.122.85,GET,/products/12345,303,5046,2022-03-26,08:13:57,"The client with IP address 137.125.122.85, sent a GET, request to the /products/12345, address at 08:13:57, on 2022-03-26, This request was responded with a 303, status code and a size of 5046."
102.41.59.232,POST,/images/banner.jpg,502,5067,2022-01-10,06:01:37,"The client with IP address 102.41.59.232, sent a POST, request to the /images/banner.jpg, address at 06:01:37, on 2022-01-10, This request was responded with a 502, status code and a size of 5067."
160.155.222.33,PUT,/user/profile/settings,500,5009,2022-12-29,09:29:53,"The client with IP address 160.155.222.33, sent a PUT, request to the /user/profile/settings, address at 09:29:53, on 2022-12-29, This request was responded with a 500, status code and a size of 5009."
187.137.133.25,GET,/api/v1/data,502,4984,2022-12-23,04:33:44,"The client with IP address 187.137.133.25, sent a GET, request to the /api/v1/data, address at 04:33:44, on 2022-12-23, This request was responded with a 502, status code and a size of 4984."
39.77.159.176,DELETE,/about.php,403,4980,2022-08-04,03:10:49,"The client with IP address 39.77.159.176, sent a DELETE, request to the /about.php, address at 03:10:49, on 2022-08-04, This request was responded with a 403, status code and a size of 4980."
208.219.29.190,PUT,/search?q=keyword,502,4985,2020-02-16,07:51:36,"The client with IP address 208.219.29.190, sent a PUT, request to the /search?q=keyword, address at 07:51:36, on 2020-02-16, This request was responded with a 502, status code and a size of 4985."
50.195.139.24,PUT,/images/banner.jpg,303,5008,2022-03-10,02:32:29,"The client with IP address 50.195.139.24, sent a PUT, request to the /images/banner.jpg, address at 02:32:29, on 2022-03-10, This request was responded with a 303, status code and a size of 5008."
24.55.0.204,PUT,/about.php,502,4977,2021-08-29,01:35:19,"The client with IP address 24.55.0.204, sent a PUT, request to the /about.php, address at 01:35:19, on 2021-08-29, This request was responded with a 502, status code and a size of 4977."
139.81.192.172,GET,/usr/admin/developer,500,4964,2020-06-29,09:07:09,"The client with IP address 139.81.192.172, sent a GET, request to the /usr/admin/developer, address at 09:07:09, on 2020-06-29, This request was responded with a 500, status code and a size of 4964."
191.71.82.204,POST,/blog/latest-news,304,4937,2022-06-26,11:57:24,"The client with IP address 191.71.82.204, sent a POST, request to the /blog/latest-news, address at 11:57:24, on 2022-06-26, This request was responded with a 304, status code and a size of 4937."
117.235.98.29,DELETE,/usr/login,200,5066,2023-12-22,10:46:13,"The client with IP address 117.235.98.29, sent a DELETE, request to the /usr/login, address at 10:46:13, on 2023-12-22, This request was responded with a 200, status code and a size of 5066."
88.77.150.14,DELETE,/usr/admin,200,5086,2021-12-24,09:51:46,"The client with IP address 88.77.150.14, sent a DELETE, request to the /usr/admin, address at 09:51:46, on 2021-12-24, This request was responded with a 200, status code and a size of 5086."
103.20.141.88,GET,/usr,502,5025,2021-11-22,10:23:09,"The client with IP address 103.20.141.88, sent a GET, request to the /usr, address at 10:23:09, on 2021-11-22, This request was responded with a 502, status code and a size of 5025."
134.193.101.19,PUT,/index.html,304,4991,2020-12-09,07:46:30,"The client with IP address 134.193.101.19, sent a PUT, request to the /index.html, address at 07:46:30, on 2020-12-09, This request was responded with a 304, status code and a size of 4991."
205.12.93.186,POST,/usr/admin/developer,404,5031,2023-06-26,04:32:25,"The client with IP address 205.12.93.186, sent a POST, request to the /usr/admin/developer, address at 04:32:25, on 2023-06-26, This request was responded with a 404, status code and a size of 5031."
177.236.207.210,DELETE,/usr/admin,303,5066,2023-12-14,11:47:30,"The client with IP address 177.236.207.210, sent a DELETE, request to the /usr/admin, address at 11:47:30, on 2023-12-14, This request was responded with a 303, status code and a size of 5066."
155.189.15.121,POST,/index.html,404,5035,2020-08-28,10:35:26,"The client with IP address 155.189.15.121, sent a POST, request to the /index.html, address at 10:35:26, on 2020-08-28, This request was responded with a 404, status code and a size of 5035."
93.91.50.196,POST,/contact/,403,5038,2020-09-30,01:50:43,"The client with IP address 93.91.50.196, sent a POST, request to the /contact/, address at 01:50:43, on 2020-09-30, This request was responded with a 403, status code and a size of 5038."
35.216.135.187,GET,/index.html,303,4966,2023-05-02,10:34:34,"The client with IP address 35.216.135.187, sent a GET, request to the /index.html, address at 10:34:34, on 2023-05-02, This request was responded with a 303, status code and a size of 4966."
28.210.72.22,GET,/images/banner.jpg,500,5010,2020-02-07,03:28:45,"The client with IP address 28.210.72.22, sent a GET, request to the /images/banner.jpg, address at 03:28:45, on 2020-02-07, This request was responded with a 500, status code and a size of 5010."
198.162.71.146,PUT,/contact/,404,4982,2023-07-03,10:56:42,"The client with IP address 198.162.71.146, sent a PUT, request to the /contact/, address at 10:56:42, on 2023-07-03, This request was responded with a 404, status code and a size of 4982."
37.185.57.130,GET,/user/profile/settings,500,5056,2021-11-02,12:00:41,"The client with IP address 37.185.57.130, sent a GET, request to the /user/profile/settings, address at 12:00:41, on 2021-11-02, This request was responded with a 500, status code and a size of 5056."
175.169.88.140,POST,/user/profile/settings,403,5061,2020-10-30,03:49:11,"The client with IP address 175.169.88.140, sent a POST, request to the /user/profile/settings, address at 03:49:11, on 2020-10-30, This request was responded with a 403, status code and a size of 5061."
66.2.81.102,GET,/usr,403,5005,2023-02-19,02:16:37,"The client with IP address 66.2.81.102, sent a GET, request to the /usr, address at 02:16:37, on 2023-02-19, This request was responded with a 403, status code and a size of 5005."
221.163.205.40,PUT,/download/file.pdf,500,4975,2020-08-18,07:38:16,"The client with IP address 221.163.205.40, sent a PUT, request to the /download/file.pdf, address at 07:38:16, on 2020-08-18, This request was responded with a 500, status code and a size of 4975."
94.167.240.9,GET,/usr/admin/developer,304,4972,2020-06-25,05:15:10,"The client with IP address 94.167.240.9, sent a GET, request to the /usr/admin/developer, address at 05:15:10, on 2020-06-25, This request was responded with a 304, status code and a size of 4972."
57.76.208.132,DELETE,/usr,200,5024,2023-05-22,05:09:26,"The client with IP address 57.76.208.132, sent a DELETE, request to the /usr, address at 05:09:26, on 2023-05-22, This request was responded with a 200, status code and a size of 5024."
92.221.136.97,PUT,/index.html,303,5060,2020-03-29,06:52:45,"The client with IP address 92.221.136.97, sent a PUT, request to the /index.html, address at 06:52:45, on 2020-03-29, This request was responded with a 303, status code and a size of 5060."
183.81.122.184,GET,/blog/latest-news,404,4998,2021-03-15,02:48:06,"The client with IP address 183.81.122.184, sent a GET, request to the /blog/latest-news, address at 02:48:06, on 2021-03-15, This request was responded with a 404, status code and a size of 4998."
187.149.188.120,DELETE,/contact/,502,5036,2021-07-23,01:24:00,"The client with IP address 187.149.188.120, sent a DELETE, request to the /contact/, address at 01:24:00, on 2021-07-23, This request was responded with a 502, status code and a size of 5036."
74.182.151.35,DELETE,/usr/login,303,4998,2020-07-28,09:28:40,"The client with IP address 74.182.151.35, sent a DELETE, request to the /usr/login, address at 09:28:40, on 2020-07-28, This request was responded with a 303, status code and a size of 4998."
35.23.246.233,DELETE,/usr,304,5054,2022-03-04,06:29:06,"The client with IP address 35.23.246.233, sent a DELETE, request to the /usr, address at 06:29:06, on 2022-03-04, This request was responded with a 304, status code and a size of 5054."
141.41.170.207,POST,/images/banner.jpg,303,5047,2020-11-13,09:55:39,"The client with IP address 141.41.170.207, sent a POST, request to the /images/banner.jpg, address at 09:55:39, on 2020-11-13, This request was responded with a 303, status code and a size of 5047."
82.185.231.28,PUT,/blog/latest-news,403,5021,2022-12-13,01:33:01,"The client with IP address 82.185.231.28, sent a PUT, request to the /blog/latest-news, address at 01:33:01, on 2022-12-13, This request was responded with a 403, status code and a size of 5021."
165.195.125.184,POST,/about.php,500,4998,2021-12-03,09:33:23,"The client with IP address 165.195.125.184, sent a POST, request to the /about.php, address at 09:33:23, on 2021-12-03, This request was responded with a 500, status code and a size of 4998."
35.130.215.14,POST,/user/profile/settings,404,5043,2023-12-26,12:28:44,"The client with IP address 35.130.215.14, sent a POST, request to the /user/profile/settings, address at 12:28:44, on 2023-12-26, This request was responded with a 404, status code and a size of 5043."
34.82.52.180,DELETE,/contact/,404,4993,2023-11-10,09:26:31,"The client with IP address 34.82.52.180, sent a DELETE, request to the /contact/, address at 09:26:31, on 2023-11-10, This request was responded with a 404, status code and a size of 4993."
199.199.71.138,DELETE,/usr,200,5029,2020-10-04,06:51:52,"The client with IP address 199.199.71.138, sent a DELETE, request to the /usr, address at 06:51:52, on 2020-10-04, This request was responded with a 200, status code and a size of 5029."
13.64.159.168,GET,/usr/register,303,5034,2020-02-18,05:09:26,"The client with IP address 13.64.159.168, sent a GET, request to the /usr/register, address at 05:09:26, on 2020-02-18, This request was responded with a 303, status code and a size of 5034."
88.197.135.202,POST,/blog/latest-news,304,5030,2021-12-27,07:03:23,"The client with IP address 88.197.135.202, sent a POST, request to the /blog/latest-news, address at 07:03:23, on 2021-12-27, This request was responded with a 304, status code and a size of 5030."
23.235.197.241,DELETE,/user/profile/settings,304,4976,2022-02-23,07:52:54,"The client with IP address 23.235.197.241, sent a DELETE, request to the /user/profile/settings, address at 07:52:54, on 2022-02-23, This request was responded with a 304, status code and a size of 4976."
