IP,REQUEST_METHOD,URL,STATUS_CODE,SIZE,LOG_CONTENT,DATE,TIME
83.117.110.156,POST,/user/profile/settings,500,5032,"The client with IP address 83.117.110.156, sent and accessed the request method named POST, request to the /user/profile/settings, address on 2020-04-03 02:22:45+03:00, This request was responded with a 500 status code, and a size of 5032.",2020-04-03,02:22:45
99.199.99.35,POST,/contact/,502,4935,"The client with IP address 99.199.99.35, sent and accessed the request method named POST, request to the /contact/, address on 2023-10-07 03:50:45+03:00, This request was responded with a 502 status code, and a size of 4935.",2023-10-07,03:50:45
88.4.198.250,DELETE,/usr/login,403,5003,"The client with IP address 88.4.198.250, sent and accessed the request method named DELETE, request to the /usr/login, address on 2023-10-08 04:57:40+03:00, This request was responded with a 403 status code, and a size of 5003.",2023-10-08,04:57:40
152.84.79.11,PUT,/api/v1/data,500,5075,"The client with IP address 152.84.79.11, sent and accessed the request method named PUT, request to the /api/v1/data, address on 2023-02-27 07:43:23+03:00, This request was responded with a 500 status code, and a size of 5075.",2023-02-27,07:43:23
207.187.124.211,POST,/about.php,403,4994,"The client with IP address 207.187.124.211, sent and accessed the request method named POST, request to the /about.php, address on 2020-08-14 03:47:56+03:00, This request was responded with a 403 status code, and a size of 4994.",2020-08-14,03:47:56
123.22.202.219,PUT,/index.html,304,5024,"The client with IP address 123.22.202.219, sent and accessed the request method named PUT, request to the /index.html, address on 2021-04-07 03:05:19+03:00, This request was responded with a 304 status code, and a size of 5024.",2021-04-07,03:05:19
151.45.0.65,POST,/search?q=keyword,304,4994,"The client with IP address 151.45.0.65, sent and accessed the request method named POST, request to the /search?q=keyword, address on 2023-09-02 01:14:55+03:00, This request was responded with a 304 status code, and a size of 4994.",2023-09-02,01:14:55
222.89.137.51,DELETE,/usr/admin,404,4952,"The client with IP address 222.89.137.51, sent and accessed the request method named DELETE, request to the /usr/admin, address on 2021-05-15 03:38:09+03:00, This request was responded with a 404 status code, and a size of 4952.",2021-05-15,03:38:09
182.11.207.85,GET,/products/12345,404,5042,"The client with IP address 182.11.207.85, sent and accessed the request method named GET, request to the /products/12345, address on 2022-01-06 05:28:41+03:00, This request was responded with a 404 status code, and a size of 5042.",2022-01-06,05:28:41
17.181.213.40,PUT,/usr/admin,502,4991,"The client with IP address 17.181.213.40, sent and accessed the request method named PUT, request to the /usr/admin, address on 2022-12-26 04:37:40+03:00, This request was responded with a 502 status code, and a size of 4991.",2022-12-26,04:37:40
214.233.244.66,DELETE,/usr/admin/developer,502,4950,"The client with IP address 214.233.244.66, sent and accessed the request method named DELETE, request to the /usr/admin/developer, address on 2020-03-31 05:49:01+03:00, This request was responded with a 502 status code, and a size of 4950.",2020-03-31,05:49:01
131.86.38.151,PUT,/images/banner.jpg,304,4986,"The client with IP address 131.86.38.151, sent and accessed the request method named PUT, request to the /images/banner.jpg, address on 2023-10-25 06:42:31+03:00, This request was responded with a 304 status code, and a size of 4986.",2023-10-25,06:42:31
42.114.181.53,DELETE,/usr/login,200,5008,"The client with IP address 42.114.181.53, sent and accessed the request method named DELETE, request to the /usr/login, address on 2023-04-13 12:22:31+03:00, This request was responded with a 200 status code, and a size of 5008.",2023-04-13,12:22:31
82.146.61.85,GET,/download/file.pdf,404,5040,"The client with IP address 82.146.61.85, sent and accessed the request method named GET, request to the /download/file.pdf, address on 2020-02-03 09:44:17+03:00, This request was responded with a 404 status code, and a size of 5040.",2020-02-03,09:44:17
153.178.87.238,DELETE,/images/banner.jpg,502,4980,"The client with IP address 153.178.87.238, sent and accessed the request method named DELETE, request to the /images/banner.jpg, address on 2020-11-02 10:22:15+03:00, This request was responded with a 502 status code, and a size of 4980.",2020-11-02,10:22:15
69.132.193.32,DELETE,/images/banner.jpg,500,5006,"The client with IP address 69.132.193.32, sent and accessed the request method named DELETE, request to the /images/banner.jpg, address on 2020-04-04 05:40:57+03:00, This request was responded with a 500 status code, and a size of 5006.",2020-04-04,05:40:57
174.187.100.164,PUT,/usr,304,5068,"The client with IP address 174.187.100.164, sent and accessed the request method named PUT, request to the /usr, address on 2020-09-20 10:58:30+03:00, This request was responded with a 304 status code, and a size of 5068.",2020-09-20,10:58:30
169.145.84.3,GET,/blog/latest-news,200,5033,"The client with IP address 169.145.84.3, sent and accessed the request method named GET, request to the /blog/latest-news, address on 2021-03-13 07:06:16+03:00, This request was responded with a 200 status code, and a size of 5033.",2021-03-13,07:06:16
199.118.254.73,PUT,/products/12345,500,4967,"The client with IP address 199.118.254.73, sent and accessed the request method named PUT, request to the /products/12345, address on 2020-12-10 02:38:36+03:00, This request was responded with a 500 status code, and a size of 4967.",2020-12-10,02:38:36
41.28.206.33,POST,/usr/register,303,5034,"The client with IP address 41.28.206.33, sent and accessed the request method named POST, request to the /usr/register, address on 2023-12-12 09:32:09+03:00, This request was responded with a 303 status code, and a size of 5034.",2023-12-12,09:32:09
141.145.218.106,DELETE,/blog/latest-news,403,4982,"The client with IP address 141.145.218.106, sent and accessed the request method named DELETE, request to the /blog/latest-news, address on 2023-02-02 04:53:28+03:00, This request was responded with a 403 status code, and a size of 4982.",2023-02-02,04:53:28
109.102.102.245,GET,/usr/admin,502,5033,"The client with IP address 109.102.102.245, sent and accessed the request method named GET, request to the /usr/admin, address on 2022-03-19 08:12:17+03:00, This request was responded with a 502 status code, and a size of 5033.",2022-03-19,08:12:17
152.186.83.216,DELETE,/download/file.pdf,403,4942,"The client with IP address 152.186.83.216, sent and accessed the request method named DELETE, request to the /download/file.pdf, address on 2023-06-02 05:23:05+03:00, This request was responded with a 403 status code, and a size of 4942.",2023-06-02,05:23:05
93.227.18.87,GET,/about.php,200,5023,"The client with IP address 93.227.18.87, sent and accessed the request method named GET, request to the /about.php, address on 2021-10-15 04:27:27+03:00, This request was responded with a 200 status code, and a size of 5023.",2021-10-15,04:27:27
32.124.226.166,DELETE,/api/v1/data,303,5018,"The client with IP address 32.124.226.166, sent and accessed the request method named DELETE, request to the /api/v1/data, address on 2020-10-15 12:55:51+03:00, This request was responded with a 303 status code, and a size of 5018.",2020-10-15,12:55:51
106.104.31.88,POST,/usr,200,4990,"The client with IP address 106.104.31.88, sent and accessed the request method named POST, request to the /usr, address on 2022-05-11 02:35:44+03:00, This request was responded with a 200 status code, and a size of 4990.",2022-05-11,02:35:44
99.51.233.0,DELETE,/usr,304,4958,"The client with IP address 99.51.233.0, sent and accessed the request method named DELETE, request to the /usr, address on 2022-06-25 11:04:03+03:00, This request was responded with a 304 status code, and a size of 4958.",2022-06-25,11:04:03
40.169.126.210,PUT,/usr/admin,403,5080,"The client with IP address 40.169.126.210, sent and accessed the request method named PUT, request to the /usr/admin, address on 2022-01-20 02:24:12+03:00, This request was responded with a 403 status code, and a size of 5080.",2022-01-20,02:24:12
62.105.138.28,POST,/usr,500,5002,"The client with IP address 62.105.138.28, sent and accessed the request method named POST, request to the /usr, address on 2020-06-05 06:08:41+03:00, This request was responded with a 500 status code, and a size of 5002.",2020-06-05,06:08:41
126.66.20.92,DELETE,/contact/,200,5022,"The client with IP address 126.66.20.92, sent and accessed the request method named DELETE, request to the /contact/, address on 2021-08-31 08:35:21+03:00, This request was responded with a 200 status code, and a size of 5022.",2021-08-31,08:35:21
49.113.136.16,GET,/usr/register,404,4919,"The client with IP address 49.113.136.16, sent and accessed the request method named GET, request to the /usr/register, address on 2021-03-02 06:53:07+03:00, This request was responded with a 404 status code, and a size of 4919.",2021-03-02,06:53:07
139.8.152.161,POST,/index.html,404,5016,"The client with IP address 139.8.152.161, sent and accessed the request method named POST, request to the /index.html, address on 2022-06-09 02:08:56+03:00, This request was responded with a 404 status code, and a size of 5016.",2022-06-09,02:08:56
128.232.0.214,DELETE,/usr,502,4977,"The client with IP address 128.232.0.214, sent and accessed the request method named DELETE, request to the /usr, address on 2020-05-21 08:05:54+03:00, This request was responded with a 502 status code, and a size of 4977.",2020-05-21,08:05:54
128.227.249.85,POST,/api/v1/data,303,4986,"The client with IP address 128.227.249.85, sent and accessed the request method named POST, request to the /api/v1/data, address on 2020-05-08 06:47:32+03:00, This request was responded with a 303 status code, and a size of 4986.",2020-05-08,06:47:32
4.24.174.121,DELETE,/usr/register,303,5027,"The client with IP address 4.24.174.121, sent and accessed the request method named DELETE, request to the /usr/register, address on 2022-05-22 11:52:53+03:00, This request was responded with a 303 status code, and a size of 5027.",2022-05-22,11:52:53
150.14.65.40,POST,/usr/login,404,5040,"The client with IP address 150.14.65.40, sent and accessed the request method named POST, request to the /usr/login, address on 2020-03-16 06:28:20+03:00, This request was responded with a 404 status code, and a size of 5040.",2020-03-16,06:28:20
133.83.21.48,DELETE,/usr/admin/developer,304,4991,"The client with IP address 133.83.21.48, sent and accessed the request method named DELETE, request to the /usr/admin/developer, address on 2022-02-01 06:39:00+03:00, This request was responded with a 304 status code, and a size of 4991.",2022-02-01,06:39:00
40.246.142.1,GET,/search?q=keyword,403,5007,"The client with IP address 40.246.142.1, sent and accessed the request method named GET, request to the /search?q=keyword, address on 2022-08-06 05:18:19+03:00, This request was responded with a 403 status code, and a size of 5007.",2022-08-06,05:18:19
96.216.183.119,DELETE,/usr,304,5015,"The client with IP address 96.216.183.119, sent and accessed the request method named DELETE, request to the /usr, address on 2023-12-05 12:34:10+03:00, This request was responded with a 304 status code, and a size of 5015.",2023-12-05,12:34:10
126.116.34.4,POST,/usr/register,502,4948,"The client with IP address 126.116.34.4, sent and accessed the request method named POST, request to the /usr/register, address on 2021-09-30 03:19:48+03:00, This request was responded with a 502 status code, and a size of 4948.",2021-09-30,03:19:48
131.111.4.28,POST,/search?q=keyword,200,4973,"The client with IP address 131.111.4.28, sent and accessed the request method named POST, request to the /search?q=keyword, address on 2022-06-14 07:23:36+03:00, This request was responded with a 200 status code, and a size of 4973.",2022-06-14,07:23:36
200.185.217.67,POST,/products/12345,303,4942,"The client with IP address 200.185.217.67, sent and accessed the request method named POST, request to the /products/12345, address on 2021-08-18 12:58:20+03:00, This request was responded with a 303 status code, and a size of 4942.",2021-08-18,12:58:20
42.161.142.204,POST,/about.php,200,4916,"The client with IP address 42.161.142.204, sent and accessed the request method named POST, request to the /about.php, address on 2022-08-07 03:44:05+03:00, This request was responded with a 200 status code, and a size of 4916.",2022-08-07,03:44:05
39.246.150.189,PUT,/index.html,404,4910,"The client with IP address 39.246.150.189, sent and accessed the request method named PUT, request to the /index.html, address on 2021-10-03 09:29:03+03:00, This request was responded with a 404 status code, and a size of 4910.",2021-10-03,09:29:03
194.254.30.54,POST,/usr/admin,303,5095,"The client with IP address 194.254.30.54, sent and accessed the request method named POST, request to the /usr/admin, address on 2023-10-05 09:48:22+03:00, This request was responded with a 303 status code, and a size of 5095.",2023-10-05,09:48:22
38.148.133.243,GET,/search?q=keyword,304,4918,"The client with IP address 38.148.133.243, sent and accessed the request method named GET, request to the /search?q=keyword, address on 2023-07-13 11:44:40+03:00, This request was responded with a 304 status code, and a size of 4918.",2023-07-13,11:44:40
157.137.71.163,DELETE,/user/profile/settings,500,4964,"The client with IP address 157.137.71.163, sent and accessed the request method named DELETE, request to the /user/profile/settings, address on 2022-06-08 04:55:52+03:00, This request was responded with a 500 status code, and a size of 4964.",2022-06-08,04:55:52
51.175.141.219,GET,/usr,500,5003,"The client with IP address 51.175.141.219, sent and accessed the request method named GET, request to the /usr, address on 2022-06-11 04:17:25+03:00, This request was responded with a 500 status code, and a size of 5003.",2022-06-11,04:17:25
52.219.186.14,PUT,/blog/latest-news,303,4870,"The client with IP address 52.219.186.14, sent and accessed the request method named PUT, request to the /blog/latest-news, address on 2020-04-30 02:22:40+03:00, This request was responded with a 303 status code, and a size of 4870.",2020-04-30,02:22:40
32.107.251.224,POST,/contact/,502,5047,"The client with IP address 32.107.251.224, sent and accessed the request method named POST, request to the /contact/, address on 2020-01-10 02:40:07+03:00, This request was responded with a 502 status code, and a size of 5047.",2020-01-10,02:40:07
24.167.128.12,PUT,/contact/,304,5123,"The client with IP address 24.167.128.12, sent and accessed the request method named PUT, request to the /contact/, address on 2022-12-28 12:59:56+03:00, This request was responded with a 304 status code, and a size of 5123.",2022-12-28,12:59:56
116.90.167.206,POST,/search?q=keyword,500,4991,"The client with IP address 116.90.167.206, sent and accessed the request method named POST, request to the /search?q=keyword, address on 2023-07-18 06:37:31+03:00, This request was responded with a 500 status code, and a size of 4991.",2023-07-18,06:37:31
17.85.121.144,POST,/about.php,502,5068,"The client with IP address 17.85.121.144, sent and accessed the request method named POST, request to the /about.php, address on 2020-11-30 02:57:47+03:00, This request was responded with a 502 status code, and a size of 5068.",2020-11-30,02:57:47
27.7.24.68,POST,/index.html,500,4904,"The client with IP address 27.7.24.68, sent and accessed the request method named POST, request to the /index.html, address on 2020-01-11 03:18:02+03:00, This request was responded with a 500 status code, and a size of 4904.",2020-01-11,03:18:02
41.78.81.175,PUT,/index.html,403,4959,"The client with IP address 41.78.81.175, sent and accessed the request method named PUT, request to the /index.html, address on 2022-01-15 06:14:07+03:00, This request was responded with a 403 status code, and a size of 4959.",2022-01-15,06:14:07
61.178.108.86,PUT,/usr/login,500,5022,"The client with IP address 61.178.108.86, sent and accessed the request method named PUT, request to the /usr/login, address on 2023-09-21 05:53:19+03:00, This request was responded with a 500 status code, and a size of 5022.",2023-09-21,05:53:19
214.29.231.218,POST,/search?q=keyword,303,5094,"The client with IP address 214.29.231.218, sent and accessed the request method named POST, request to the /search?q=keyword, address on 2020-05-21 07:29:34+03:00, This request was responded with a 303 status code, and a size of 5094.",2020-05-21,07:29:34
38.79.70.97,GET,/usr/register,304,5014,"The client with IP address 38.79.70.97, sent and accessed the request method named GET, request to the /usr/register, address on 2020-01-22 03:05:43+03:00, This request was responded with a 304 status code, and a size of 5014.",2020-01-22,03:05:43
54.12.247.117,DELETE,/products/12345,304,4965,"The client with IP address 54.12.247.117, sent and accessed the request method named DELETE, request to the /products/12345, address on 2021-02-02 06:14:46+03:00, This request was responded with a 304 status code, and a size of 4965.",2021-02-02,06:14:46
189.190.235.225,DELETE,/blog/latest-news,404,5084,"The client with IP address 189.190.235.225, sent and accessed the request method named DELETE, request to the /blog/latest-news, address on 2022-02-13 08:08:15+03:00, This request was responded with a 404 status code, and a size of 5084.",2022-02-13,08:08:15
53.202.71.0,POST,/about.php,404,4981,"The client with IP address 53.202.71.0, sent and accessed the request method named POST, request to the /about.php, address on 2023-10-05 09:24:15+03:00, This request was responded with a 404 status code, and a size of 4981.",2023-10-05,09:24:15
124.87.135.196,DELETE,/index.html,303,4943,"The client with IP address 124.87.135.196, sent and accessed the request method named DELETE, request to the /index.html, address on 2020-12-30 09:36:37+03:00, This request was responded with a 303 status code, and a size of 4943.",2020-12-30,09:36:37
103.250.12.132,DELETE,/products/12345,304,5012,"The client with IP address 103.250.12.132, sent and accessed the request method named DELETE, request to the /products/12345, address on 2022-09-08 02:20:10+03:00, This request was responded with a 304 status code, and a size of 5012.",2022-09-08,02:20:10
76.140.155.71,DELETE,/blog/latest-news,502,4953,"The client with IP address 76.140.155.71, sent and accessed the request method named DELETE, request to the /blog/latest-news, address on 2022-06-08 01:14:16+03:00, This request was responded with a 502 status code, and a size of 4953.",2022-06-08,01:14:16
130.41.138.141,PUT,/index.html,304,5011,"The client with IP address 130.41.138.141, sent and accessed the request method named PUT, request to the /index.html, address on 2023-05-06 10:31:00+03:00, This request was responded with a 304 status code, and a size of 5011.",2023-05-06,10:31:00
143.59.66.252,PUT,/index.html,403,5060,"The client with IP address 143.59.66.252, sent and accessed the request method named PUT, request to the /index.html, address on 2022-01-11 07:46:23+03:00, This request was responded with a 403 status code, and a size of 5060.",2022-01-11,07:46:23
54.149.249.77,PUT,/products/12345,404,5052,"The client with IP address 54.149.249.77, sent and accessed the request method named PUT, request to the /products/12345, address on 2022-08-03 04:52:59+03:00, This request was responded with a 404 status code, and a size of 5052.",2022-08-03,04:52:59
11.147.108.83,GET,/search?q=keyword,200,4939,"The client with IP address 11.147.108.83, sent and accessed the request method named GET, request to the /search?q=keyword, address on 2020-08-10 06:37:58+03:00, This request was responded with a 200 status code, and a size of 4939.",2020-08-10,06:37:58
120.23.19.0,DELETE,/index.html,404,5019,"The client with IP address 120.23.19.0, sent and accessed the request method named DELETE, request to the /index.html, address on 2022-08-27 09:05:59+03:00, This request was responded with a 404 status code, and a size of 5019.",2022-08-27,09:05:59
82.92.168.141,DELETE,/usr/admin,403,4998,"The client with IP address 82.92.168.141, sent and accessed the request method named DELETE, request to the /usr/admin, address on 2022-02-03 12:33:01+03:00, This request was responded with a 403 status code, and a size of 4998.",2022-02-03,12:33:01
196.30.201.249,PUT,/products/12345,403,4930,"The client with IP address 196.30.201.249, sent and accessed the request method named PUT, request to the /products/12345, address on 2022-04-22 10:28:22+03:00, This request was responded with a 403 status code, and a size of 4930.",2022-04-22,10:28:22
108.92.191.90,GET,/usr/admin,403,4947,"The client with IP address 108.92.191.90, sent and accessed the request method named GET, request to the /usr/admin, address on 2022-07-28 03:58:06+03:00, This request was responded with a 403 status code, and a size of 4947.",2022-07-28,03:58:06
195.132.159.43,DELETE,/index.html,500,4979,"The client with IP address 195.132.159.43, sent and accessed the request method named DELETE, request to the /index.html, address on 2022-04-16 08:56:33+03:00, This request was responded with a 500 status code, and a size of 4979.",2022-04-16,08:56:33
82.104.114.194,DELETE,/usr,304,5036,"The client with IP address 82.104.114.194, sent and accessed the request method named DELETE, request to the /usr, address on 2021-02-08 12:53:43+03:00, This request was responded with a 304 status code, and a size of 5036.",2021-02-08,12:53:43
92.183.32.199,GET,/blog/latest-news,200,4927,"The client with IP address 92.183.32.199, sent and accessed the request method named GET, request to the /blog/latest-news, address on 2022-07-18 10:59:41+03:00, This request was responded with a 200 status code, and a size of 4927.",2022-07-18,10:59:41
215.27.246.119,POST,/products/12345,500,5070,"The client with IP address 215.27.246.119, sent and accessed the request method named POST, request to the /products/12345, address on 2020-01-12 03:28:20+03:00, This request was responded with a 500 status code, and a size of 5070.",2020-01-12,03:28:20
126.83.221.87,PUT,/usr/admin,303,5085,"The client with IP address 126.83.221.87, sent and accessed the request method named PUT, request to the /usr/admin, address on 2022-08-23 07:43:44+03:00, This request was responded with a 303 status code, and a size of 5085.",2022-08-23,07:43:44
68.135.107.170,DELETE,/usr/admin,500,4927,"The client with IP address 68.135.107.170, sent and accessed the request method named DELETE, request to the /usr/admin, address on 2021-07-11 03:24:36+03:00, This request was responded with a 500 status code, and a size of 4927.",2021-07-11,03:24:36
75.3.90.171,POST,/images/banner.jpg,304,4994,"The client with IP address 75.3.90.171, sent and accessed the request method named POST, request to the /images/banner.jpg, address on 2021-12-20 09:02:47+03:00, This request was responded with a 304 status code, and a size of 4994.",2021-12-20,09:02:47
10.12.224.4,PUT,/contact/,303,4984,"The client with IP address 10.12.224.4, sent and accessed the request method named PUT, request to the /contact/, address on 2023-08-17 07:19:00+03:00, This request was responded with a 303 status code, and a size of 4984.",2023-08-17,07:19:00
101.14.242.132,PUT,/index.html,502,5020,"The client with IP address 101.14.242.132, sent and accessed the request method named PUT, request to the /index.html, address on 2021-03-23 10:32:16+03:00, This request was responded with a 502 status code, and a size of 5020.",2021-03-23,10:32:16
179.98.133.129,POST,/search?q=keyword,304,5014,"The client with IP address 179.98.133.129, sent and accessed the request method named POST, request to the /search?q=keyword, address on 2020-09-15 07:53:16+03:00, This request was responded with a 304 status code, and a size of 5014.",2020-09-15,07:53:16
142.207.119.113,PUT,/products/12345,404,5048,"The client with IP address 142.207.119.113, sent and accessed the request method named PUT, request to the /products/12345, address on 2022-04-28 01:11:04+03:00, This request was responded with a 404 status code, and a size of 5048.",2022-04-28,01:11:04
195.107.206.167,GET,/usr/login,200,4924,"The client with IP address 195.107.206.167, sent and accessed the request method named GET, request to the /usr/login, address on 2022-01-08 06:55:48+03:00, This request was responded with a 200 status code, and a size of 4924.",2022-01-08,06:55:48
122.255.155.146,DELETE,/contact/,502,4984,"The client with IP address 122.255.155.146, sent and accessed the request method named DELETE, request to the /contact/, address on 2020-05-25 03:48:07+03:00, This request was responded with a 502 status code, and a size of 4984.",2020-05-25,03:48:07
62.245.225.21,GET,/usr,200,4984,"The client with IP address 62.245.225.21, sent and accessed the request method named GET, request to the /usr, address on 2023-06-20 12:01:17+03:00, This request was responded with a 200 status code, and a size of 4984.",2023-06-20,12:01:17
31.59.131.19,GET,/usr/login,403,4959,"The client with IP address 31.59.131.19, sent and accessed the request method named GET, request to the /usr/login, address on 2021-11-19 10:38:45+03:00, This request was responded with a 403 status code, and a size of 4959.",2021-11-19,10:38:45
39.217.169.83,GET,/products/12345,200,5098,"The client with IP address 39.217.169.83, sent and accessed the request method named GET, request to the /products/12345, address on 2020-04-28 02:49:06+03:00, This request was responded with a 200 status code, and a size of 5098.",2020-04-28,02:49:06
95.244.238.21,POST,/usr/admin/developer,200,4999,"The client with IP address 95.244.238.21, sent and accessed the request method named POST, request to the /usr/admin/developer, address on 2020-11-22 08:22:00+03:00, This request was responded with a 200 status code, and a size of 4999.",2020-11-22,08:22:00
22.236.175.104,POST,/search?q=keyword,404,4995,"The client with IP address 22.236.175.104, sent and accessed the request method named POST, request to the /search?q=keyword, address on 2021-04-20 08:00:09+03:00, This request was responded with a 404 status code, and a size of 4995.",2021-04-20,08:00:09
197.47.156.53,POST,/usr/admin,403,4954,"The client with IP address 197.47.156.53, sent and accessed the request method named POST, request to the /usr/admin, address on 2020-01-31 01:47:35+03:00, This request was responded with a 403 status code, and a size of 4954.",2020-01-31,01:47:35
187.137.66.71,GET,/about.php,404,4938,"The client with IP address 187.137.66.71, sent and accessed the request method named GET, request to the /about.php, address on 2021-12-07 02:57:31+03:00, This request was responded with a 404 status code, and a size of 4938.",2021-12-07,02:57:31
145.57.78.176,POST,/download/file.pdf,200,5028,"The client with IP address 145.57.78.176, sent and accessed the request method named POST, request to the /download/file.pdf, address on 2022-09-19 05:56:33+03:00, This request was responded with a 200 status code, and a size of 5028.",2022-09-19,05:56:33
26.147.64.173,DELETE,/blog/latest-news,404,4896,"The client with IP address 26.147.64.173, sent and accessed the request method named DELETE, request to the /blog/latest-news, address on 2020-09-01 01:39:16+03:00, This request was responded with a 404 status code, and a size of 4896.",2020-09-01,01:39:16
36.76.68.231,POST,/usr/login,502,5042,"The client with IP address 36.76.68.231, sent and accessed the request method named POST, request to the /usr/login, address on 2021-04-26 10:21:30+03:00, This request was responded with a 502 status code, and a size of 5042.",2021-04-26,10:21:30
130.115.13.213,DELETE,/usr/register,303,5002,"The client with IP address 130.115.13.213, sent and accessed the request method named DELETE, request to the /usr/register, address on 2022-01-30 02:24:23+03:00, This request was responded with a 303 status code, and a size of 5002.",2022-01-30,02:24:23
4.236.72.244,GET,/download/file.pdf,502,4988,"The client with IP address 4.236.72.244, sent and accessed the request method named GET, request to the /download/file.pdf, address on 2023-08-21 11:57:05+03:00, This request was responded with a 502 status code, and a size of 4988.",2023-08-21,11:57:05
60.217.239.214,DELETE,/usr/register,404,4895,"The client with IP address 60.217.239.214, sent and accessed the request method named DELETE, request to the /usr/register, address on 2022-09-01 06:03:17+03:00, This request was responded with a 404 status code, and a size of 4895.",2022-09-01,06:03:17
97.141.22.226,PUT,/about.php,404,5010,"The client with IP address 97.141.22.226, sent and accessed the request method named PUT, request to the /about.php, address on 2021-11-05 09:17:55+03:00, This request was responded with a 404 status code, and a size of 5010.",2021-11-05,09:17:55
